symbol_a,symbol_b,group,distance,beta,alpha,coint_p,bh_bar,bh_pass,hurst,half_life,sigma_bps,crossings,lots_a,lots_b,notional_a,notional_b,beta_effective,lot_error,lot_size_known,min_notional_for_lot_gate,cost_hard_bps,cost_allin_low_bps,cost_allin_high_bps,cost_coverage,z_today,gate_sigma,gate_half_life,gate_hurst,gate_lot,admitted,mwpl_ban_screen,event_screen
GLENMARK,LUPIN,optics-6,0.8919688738191114,0.7951306147754594,1.5301987564688737,0.5576214064805531,0.050720461095100866,False,0.4320618493657819,14.19192784158959,452.96925007292486,20,1.0,1.0,943125.0,922887.5,0.9785420808482439,0.2306683489033797,True,3400000.0,12.168033797216701,16.817607687210074,26.710318091451292,33.91717376948041,4.2100627302845055,True,False,True,False,False,unchecked,unchecked
SAIL,TATASTEEL,optics-12,4.625636778025367,1.3940907116879353,-2.2561768661601627,0.8692257530579723,0.08443804034582132,False,0.38872910395106486,22.541201173207376,659.7224089991951,13,1.0,3.0,940000.0,1538625.0,1.6368351063829787,0.17412381609022676,True,1700000.0,16.21653590425532,22.413098404255315,35.59727393617021,37.06589499983337,4.025735703069901,True,False,True,False,False,unchecked,unchecked
COFORGE,MPHASIS,optics-18,1.4024144483088385,1.2318069294317595,-2.310589139382623,0.970821384961053,0.09452449567723344,False,0.4498122784829198,129.1057679395642,860.9797001862235,9,1.0,2.0,956935.0,1350250.0,1.4110153772199783,0.14548420170918244,True,2500000.0,14.827744569902867,20.493630706369814,32.548707592469704,52.90407907842185,3.5241887276208272,True,False,True,False,False,unchecked,unchecked
BOSCHLTD,TMPV,optics-11,4.023283728461015,0.22875363586866154,9.18711269305044,0.9904437960603423,0.09971181556195965,False,0.5234542756341388,inf,861.0592471117061,18,1.0,1.0,1216000.0,511039.99999999994,0.4202631578947368,0.8371867896168875,True,1900000.0,8.73461842105263,12.072236842105262,19.173552631578946,89.81739207720292,3.321417655987784,True,False,False,False,False,unchecked,unchecked
JSWSTEEL,TATASTEEL,optics-12,1.5120347271463905,0.5561155776732195,4.178437766010712,0.7054236965378128,0.06772334293948126,False,0.4043380515045848,23.08336006901412,345.6497229558119,21,1.0,1.0,901057.5000000001,512875.0,0.5691923101466887,0.023514414985787793,True,100000.0,9.650532707402135,13.338134636246854,21.184096186980298,32.632945007892054,3.198667016356191,True,False,True,True,False,unchecked,unchecked
COFORGE,KPITTECH,optics-18,9.833472029119926,0.3457876965248362,4.992076294429814,0.9852786831762007,0.09855907780979828,False,0.5141133313375882,inf,1274.9031998771484,14,1.0,1.0,956935.0,472285.0,0.49353926860236064,0.42728984739025316,True,2400000.0,9.185266501904518,12.695083783120065,20.162780126131867,126.4610526823944,3.1276471499083462,True,False,False,False,False,unchecked,unchecked
BOSCHLTD,MARUTI,optics-11,4.436981802011497,0.12915796634448665,9.298034114998929,0.9814048099276201,0.09711815561959655,False,0.5230837573421405,365.9910411784956,877.1747455954512,22,1.0,1.0,1216000.0,668800.0,0.55,3.2583513473187935,True,4300000.0,9.5325,13.175,20.925,83.83988010470262,3.0439715023072718,True,False,False,False,False,unchecked,unchecked
SAIL,VEDL,optics-12,13.853063594894234,0.6006024191215834,1.7504599879636928,0.21243309665802151,0.01959654178674352,False,0.3931376296455511,8.67574873625248,483.9998651897736,23,1.0,2.0,940000.0,662285.0,0.7045585106382979,0.17308636829794394,True,2500000.0,10.483034840425532,14.488747340425531,23.011539893617023,42.065838916241,3.0325193390893532,True,False,True,False,False,unchecked,unchecked
BAJAJ-AUTO,UNOMINDA,optics-11,11.312125385723725,-0.2716823918734321,11.09728818943602,0.9677308574167747,0.09337175792507205,False,0.5051499338440354,51.63307473901117,778.0970673661241,19,1.0,1.0,893250.0,701800.0,-0.7856703050657711,1.8918705391543702,True,2300000.0,10.981872376154492,15.178197593059053,24.106549118387907,64.55482811288074,2.9659300731749965,True,False,False,False,False,unchecked,unchecked
COFORGE,WIPRO,optics-18,3.2960381421090474,0.6578007181570628,3.801245426356851,0.9847127624317626,0.09798270893371758,False,0.5568577136545859,1695.8048716264195,1309.115828206014,12,1.0,1.0,956935.0,542850.0,0.5672799092937347,0.13761129528246338,True,3800000.0,9.638771442156468,13.321879228996744,21.15827877546542,123.74502123717456,2.960297066971078,True,False,False,False,False,unchecked,unchecked
BOSCHLTD,M&M,optics-11,2.932619203602226,0.18585038992572842,9.026723323225964,0.979977928716839,0.09654178674351585,False,0.5269464330172254,295.26459441557364,874.5592993268496,14,1.0,1.0,1216000.0,666800.0,0.5483552631578947,1.950519842207673,True,3100000.0,9.522384868421053,13.161019736842105,20.90279605263158,83.6786903651338,2.9486073728425928,True,False,False,False,False,unchecked,unchecked
MARUTI,UNOMINDA,optics-11,2.362009090238263,0.969954843558072,2.7212836195660763,0.34606100631756065,0.03112391930835735,False,0.36187923682569795,13.411558754419465,533.8138666261567,28,1.0,1.0,668800.0,701800.0,1.049342105263158,0.08184634803602889,True,100000.0,12.603453947368422,17.419407894736842,27.666118421052634,38.58971891192001,-2.935185059568132,True,False,True,True,False,unchecked,unchecked
BOSCHLTD,HEROMOTOCO,optics-11,6.809367500935481,-0.04259793279629372,10.902757612519613,0.9710157200365984,0.09481268011527377,False,0.5288984567653661,135.52408043506125,884.247519947977,12,1.0,1.0,1216000.0,840000.0,-0.6907894736842105,15.216502265206481,True,17700000.0,10.398355263157896,14.371710526315791,22.825657894736842,77.47838191790892,2.907401934665947,True,False,False,False,False,unchecked,unchecked
BAJAJ-AUTO,HEROMOTOCO,optics-11,4.324935189863707,-0.2643771006383845,11.445549643148093,0.8884612034166441,0.0867435158501441,False,0.48431114943241177,46.07002786674602,783.7149594902261,13,1.0,1.0,893250.0,840000.0,-0.9403862300587741,2.5569882103557684,True,5900000.0,11.933375314861461,16.49328295549958,26.195214105793447,59.83649962356263,2.823684392976678,True,False,True,False,False,unchecked,unchecked
ICICIGI,ICICIPRULI,optics-8,1.5686289347392133,0.42980406975785823,4.789388909540247,0.3282764247392722,0.03025936599423631,False,0.375534748302663,12.928406878993377,397.6339401574471,28,2.0,1.0,1015300.0,468050.0,0.4609967497291441,0.07257418476483744,True,800000.0,8.985130010834236,12.418472372697725,19.723456121343446,40.3209191848637,-2.8130742575097787,True,False,True,True,False,unchecked,unchecked
COFORGE,TCS,optics-18,3.271376749981571,0.6354652150335754,2.320913385877777,0.9780316577506128,0.09538904899135447,False,0.5769554601561767,inf,1295.8865891870387,10,1.0,1.0,956935.0,526950.0,0.550664360693255,0.1334468863662977,True,3800000.0,9.53658581826352,13.180647065892668,20.933968869358942,123.80706184041654,2.7536369541990107,True,False,False,False,False,unchecked,unchecked
BOSCHLTD,UNOMINDA,optics-11,1.9227805662459996,0.49870878151117387,7.0050781135497155,0.9671161735594292,0.09308357348703171,False,0.4765471755244856,117.52726768861768,804.8244672361493,18,1.0,1.0,1216000.0,701800.0,0.5771381578947369,0.15726487940699266,True,5500000.0,9.699399671052634,13.405674342105264,21.29136513157895,75.60102062619262,2.7411542562708213,True,False,True,False,False,unchecked,unchecked
BAJAJ-AUTO,M&M,optics-11,7.940580778131541,-0.3724207406657889,12.19909615181672,0.8198012440553637,0.0792507204610951,False,0.47732145207562593,32.60200824531345,757.4991317763905,17,1.0,1.0,893250.0,666800.0,-0.7464875454799889,1.004419904609685,True,1400000.0,10.740898404701932,14.845144136579906,23.577581863979848,64.25587968659703,2.733835055530326,True,False,True,False,False,unchecked,unchecked
ADANIENT,ADANIGREEN,optics-17,4.429799584019998,0.7402552430616924,2.602769536325907,0.6634243122763385,0.06253602305475506,False,0.4428944877878028,25.012215691485633,527.8777975585122,22,1.0,1.0,979066.5,786600.0,0.8034183582014092,0.08532613005005457,True,100000.0,11.091022902938667,15.329056044711978,24.346147835719023,43.36437954131253,2.7333617968420487,True,False,True,True,False,unchecked,unchecked
KPITTECH,NAUKRI,optics-18,7.442947796250284,1.3789359210462189,-2.9687059777327676,0.9820200181139045,0.0974063400576369,False,0.5637641516898645,inf,2059.0537482522104,7,2.0,2.0,944570.0,1489400.0,1.5768021427739607,0.14349196268497946,True,2200000.0,15.847333178059857,21.902818213578662,34.78682892744847,118.38122713321069,-2.729776927039983,True,False,False,False,False,unchecked,unchecked
COFORGE,TATAELXSI,optics-18,4.707966264526099,0.5013108905281325,3.104755078285403,0.985787350505126,0.09913544668587895,False,0.5988765326271601,inf,1418.9185313343094,16,1.0,1.0,956935.0,460625.0,0.4813545329620089,0.03980834636386912,True,100000.0,9.110330377716355,12.591513530177075,19.99828619498712,141.90401292386576,2.7249125832743113,True,False,False,True,False,unchecked,unchecked
ICICIGI,MFSL,optics-8,0.8844215607020414,0.6665618004893085,2.590800904281995,0.6399430932169259,0.059077809798270896,False,0.2771705426030015,21.203959161966104,515.936761540072,17,2.0,1.0,1015300.0,625760.0,0.616330148724515,0.0753593316147423,True,800000.0,9.940430414655768,13.738806264158377,21.820457007780952,47.28927183844905,-2.7098738024941085,True,False,True,True,False,unchecked,unchecked
MPHASIS,NAUKRI,optics-18,0.8102606614371439,0.7031156946325565,2.8586344736783627,0.8061143889724229,0.07809798270893373,False,0.29405384214955615,11.25780945671519,458.5826004143425,37,1.0,1.0,675125.0,744700.0,1.1030549898167006,0.5688100809542441,True,1700000.0,12.933788187372711,17.875967413441956,28.39124236252546,32.304510986785196,-2.677643223296571,True,False,True,False,False,unchecked,unchecked
INFY,PERSISTENT,optics-18,4.19431427971247,1.1013517073773724,-2.2659740031037914,0.9188413834732487,0.0899135446685879,False,0.3698305250701986,58.402487519826835,944.3502873871817,15,2.0,1.0,915200.0,734375.0,0.802420236013986,0.27142235251555213,True,1200000.0,11.084884451486015,15.320572006118882,24.33267318618881,77.61993761730984,-2.644972330948603,True,False,True,False,False,unchecked,unchecked
COFORGE,INFY,optics-18,4.095597314672855,0.5645924313136894,3.271706430116594,0.9854734358787828,0.09884726224783863,False,0.5879719527881259,7106.216028161195,1375.1832640445516,12,1.0,1.0,956935.0,457600.0,0.4781933987156912,0.1530290308656203,True,3700000.0,9.090889402101501,12.564643889083376,19.95561088266183,137.8242211807569,2.6210909556129858,True,False,False,False,False,unchecked,unchecked
NAUKRI,WIPRO,optics-18,2.028262326958789,0.7102301424800216,3.256057134012125,0.9701254835050708,0.09423631123919309,False,0.4616403515014084,140.7598517872603,1009.5005989206869,6,1.0,1.0,744700.0,542850.0,0.7289512555391433,0.026359220679863408,True,100000.0,10.633050221565732,14.696085672082718,23.340841949778433,86.50078699755471,2.6035472967432507,True,False,True,True,False,unchecked,unchecked
COFORGE,LTM,optics-18,4.017022823133598,0.669843936859723,1.647094930187695,0.9800623561289704,0.0968299711815562,False,0.5388138774479845,373.0837270226506,1174.4219705633545,4,1.0,1.0,956935.0,701250.0,0.7328083934645508,0.09399869602464389,True,100000.0,10.656771619806989,14.728871344448683,23.392913311771437,100.40835486466572,2.5621980516044363,True,False,False,True,False,unchecked,unchecked
INFY,LTM,optics-18,0.954328429900384,0.8566547622935111,-0.07494794827753587,0.6414414237304888,0.059942363112391935,False,0.43543765997150446,21.616443477398164,474.32415729927243,19,2.0,1.0,915200.0,701250.0,0.7662259615384616,0.10556037827064155,True,2100000.0,10.86228966346154,15.012920673076923,23.844050480769234,39.78553540488648,-2.5612293032329956,True,False,True,False,False,unchecked,unchecked
IRFC,MAZDOCK,optics-15,3.148858335967432,1.101193226092011,-3.954144055757293,0.9762445926146813,0.09510086455331412,False,0.4650463506327678,82.52992769377639,1013.5801934340551,7,2.0,2.0,910315.0000000001,1149750.0,1.2630243377292474,0.14695977763280801,True,2100000.0,13.917599677034872,19.235706870698603,30.55082855934484,66.35369587212212,-2.5255071828988704,True,False,True,False,False,unchecked,unchecked
BANKBARODA,CANBK,optics-14,2.9278546726407013,0.7454205977745589,1.9493591045445797,0.3255688018158527,0.029682997118155623,False,0.39983627979960834,13.162688533876892,315.51945778469275,21,1.0,1.0,707557.5,866362.5,1.224441123159602,0.6426177742004326,True,1800000.0,13.680312907431555,18.907749546856618,30.02995516265463,21.01364827724245,-2.525152175175096,True,False,True,False,False,unchecked,unchecked
NAUKRI,TCS,optics-18,1.9617672229365593,0.7186261996571609,1.400957668254222,0.9689810313458193,0.0936599423631124,False,0.43551793183038673,133.39722232791758,935.3928764909342,10,1.0,1.0,744700.0,526950.0,0.7076003759903317,0.015342919131099591,True,100000.0,10.50174231234054,14.514603195917818,23.052605075869476,81.15289993581378,2.503891008863402,True,False,True,True,False,unchecked,unchecked
PERSISTENT,WIPRO,optics-18,6.297476075460509,0.5381796257402898,5.704696130112955,0.5958028036652039,0.05389048991354466,False,0.453150078596898,20.617643116549168,708.5580278715353,17,1.0,1.0,734375.0,542850.0,0.7392,0.3735191089465675,True,1900000.0,10.69608,14.783199999999999,23.4792,60.356232569383565,2.4865812567674417,True,False,True,False,False,unchecked,unchecked
BANKBARODA,PNB,optics-14,1.3184983666883978,0.8690783530968036,1.4869698281772632,0.8845532226281159,0.08645533141210375,False,0.48736632090411214,46.718032142011154,506.5585714300793,12,1.0,1.0,707557.5,923200.0,1.3047702836871915,0.5013264097970896,True,1800000.0,14.174337244676229,19.590547411341127,31.114398829777084,32.56103864975164,-2.4712018214241787,True,False,True,False,False,unchecked,unchecked
BAJAJ-AUTO,MARUTI,optics-11,8.21644223998708,-0.4333712644299243,13.329398805535385,0.4312851473540724,0.038616714697406344,False,0.5017208664239433,24.347582731187174,704.3345703207675,17,1.0,1.0,893250.0,668800.0,-0.7487265603134621,0.7276792943306245,True,4100000.0,10.754668345927792,14.864175762664427,23.60780856423174,59.669627395056644,2.4603282921086924,True,False,False,False,False,unchecked,unchecked
TMPV,UNOMINDA,optics-11,1.9216987988996155,0.6709537765294162,1.1482213032777018,0.8588397821189047,0.0829971181556196,False,0.5637092885849979,38.871546669139335,737.9892018459262,17,2.0,1.0,1022079.9999999999,701800.0,0.6866390106449594,0.023377518190115507,True,800000.0,10.3728299154665,14.336431590482155,22.76962664370695,64.82224881363095,-2.4403236097280665,True,False,False,True,False,unchecked,unchecked
KPITTECH,PERSISTENT,optics-18,21.153114543070497,1.8046887677630876,-8.730358167406367,0.9047268841171834,0.08847262247838618,False,0.4425438712575652,79.94682565632618,2138.8529029078904,29,2.0,2.0,944570.0,1468750.0,1.5549403432249596,0.13838864019068026,True,1900000.0,15.712883110833504,21.716992917412156,34.49169463353696,124.02132893918417,-2.4269488814219216,True,False,True,False,False,unchecked,unchecked
INDUSTOWER,UNIONBANK,optics-14,3.262767166710442,0.5698988650489138,3.0970930542746293,0.7465174331450054,0.07204610951008646,False,0.4572777500455183,25.120307917543585,559.3899699216539,22,2.0,1.0,1292000.0,823050.0,0.6370356037151703,0.11780465409506333,True,4200000.0,10.067768962848298,13.914802631578947,22.099980650154798,50.62357101364572,-2.4145749333940287,True,False,True,False,False,unchecked,unchecked
BOSCHLTD,EICHERMOT,optics-11,18.320978288153462,0.47049483280138393,6.357302461624318,0.8727536989965399,0.08501440922190202,False,0.5134360549503983,57.434342694660586,841.0587130583227,22,1.0,1.0,1216000.0,805900.0,0.6627467105263158,0.4086163424585147,True,3100000.0,10.225892269736843,14.133347039473685,22.447080592105262,74.93702440344308,2.4137699267754793,True,False,False,False,False,unchecked,unchecked
BANKBARODA,BANKINDIA,optics-14,4.056168867980792,0.6024305287004443,2.618634275088672,0.8730218639436405,0.08530259365994236,False,0.47527925930651477,44.60656644626415,515.276379862948,23,1.0,1.0,707557.5,748800.0,1.0582885489871847,0.7566980731705474,True,3200000.0,12.658474576271187,17.49545266639107,27.786895411326995,37.087725867561424,-2.407972030694746,True,False,True,False,False,unchecked,unchecked
TVSMOTOR,UNOMINDA,optics-11,8.481257088044273,0.1981006579984629,6.792875374238573,0.856164964609347,0.08242074927953891,False,0.463143511961963,38.397679778824966,656.6161002947588,23,1.0,1.0,753235.0,701800.0,0.9317145379596009,3.7032379769623494,True,3400000.0,11.880044408451546,16.419573572656606,26.07814626245461,50.357574782077684,2.4025792055376387,True,False,True,False,False,unchecked,unchecked
JINDALSTEL,TATASTEEL,optics-12,1.841959356780794,0.8097537726738497,2.768006367948647,0.07009990174550149,0.008933717579250721,False,0.40291523083718583,8.515762177375466,296.259133955463,28,1.0,2.0,737000.0,1025750.0,1.3917910447761195,0.7187830322547951,True,2900000.0,14.709514925373135,20.330223880597014,32.28917910447761,18.350366418227097,2.391259014586203,True,False,True,False,False,unchecked,unchecked
INFY,NAUKRI,optics-18,3.039005089839307,0.7070034513632453,2.2021802844583758,0.9923096436499027,0.1,False,0.45735464583127283,inf,1092.782642153574,30,2.0,1.0,915200.0,744700.0,0.8137019230769231,0.15091647927310917,True,2100000.0,11.154266826923077,15.416466346153847,24.484975961538463,89.26148376621981,-2.3606491934103717,True,False,True,False,False,unchecked,unchecked
NAUKRI,TATAELXSI,optics-18,2.7461852828839373,0.5676404204171719,2.281254492756141,0.9794004401616185,0.0962536023054755,False,0.5658280295614054,325.56584251483685,1140.260361058584,8,1.0,1.0,744700.0,460625.0,0.6185376661742984,0.08966459033999193,True,100000.0,9.954006646971935,13.757570162481535,21.850258493353028,104.3704230231837,2.3510962027486633,True,False,False,True,False,unchecked,unchecked
GODREJCP,MARICO,optics-10,10.676618960335546,-0.7083352431167168,11.725183899066078,0.2684133918837316,0.025360230547550433,False,0.5145506745445889,13.010147639302362,619.8922611489953,21,2.0,1.0,915000.0,995580.0,-1.0880655737704918,0.5360884331872846,True,1200000.0,12.841603278688526,17.74855737704918,28.18888524590164,43.98132496134241,-2.347760951886321,True,False,False,False,False,unchecked,unchecked
ICICIGI,SBILIFE,optics-8,1.436537669651202,0.6580938171880283,2.5520581034723566,0.6060026914596838,0.055331412103746404,False,0.3932125572631743,21.692676123810205,499.5453282826994,27,2.0,1.0,1015300.0,660412.5,0.6504604550379198,0.011599200525428247,True,800000.0,10.150331798483208,14.028913867822318,22.281216143011918,44.84004150189732,-2.3366751498265774,True,False,True,True,False,unchecked,unchecked
BANKBARODA,INDIANB,optics-14,5.230793779197137,0.5262283877951395,2.065316314573595,0.8665383026974944,0.08386167146974063,False,0.5144752879318586,58.46860835251224,625.5387456797604,12,1.0,1.0,707557.5,882400.0,1.2471071255693,1.369897091250802,True,3200000.0,13.819708822251195,19.10041056733905,30.33594619518555,41.24076049284635,-2.3341877309078636,True,False,False,False,False,unchecked,unchecked
PERSISTENT,TCS,optics-18,5.533595493534255,0.5367604026092312,4.360444784880583,0.3964559598998316,0.034870317002881845,False,0.44036053926722696,20.712632908317484,662.1537931780119,15,1.0,1.0,734375.0,526950.0,0.7175489361702128,0.3368142148380458,True,2600000.0,10.56292595744681,14.59916595744681,23.18691063829787,57.114447328255196,2.317001311202115,True,False,True,False,False,unchecked,unchecked
COFORGE,HCLTECH,optics-18,4.838601336845013,0.6673067731609309,2.5044849403262455,0.9598836685761986,0.09250720461095101,False,0.5870279421203495,191.77037399861584,1348.612904520402,2,1.0,1.0,956935.0,526440.0,0.5501314091343718,0.17559444732070864,True,2800000.0,9.533308166176386,13.17611697764216,20.926774023314017,128.88875304124227,2.3046500992067305,True,False,False,False,False,unchecked,unchecked
KPITTECH,MPHASIS,optics-18,7.707558448859135,2.266912347655134,-10.970224233771646,0.6867707845547208,0.06570605187319885,False,0.4023240996564348,25.673017852098614,1359.647278640878,23,2.0,3.0,944570.0,2025375.0,2.1442296494701294,0.05411885391682926,True,800000.0,19.337012344241298,26.7259520204961,42.44710026784675,64.06314071214882,-2.298767378278347,True,False,True,True,False,unchecked,unchecked
LODHA,PRESTIGE,optics-13,3.3060100268943313,1.3501395624806567,-2.9463143190284233,0.29007977974173194,0.025936599423631124,False,0.4455627894543514,12.061786979855688,636.0810011308181,28,1.0,2.0,796250.0,1429200.0,1.7949136577708007,0.3294282366431405,True,1400000.0,17.188718995290426,23.756766091051805,37.73133437990581,33.71632684528482,2.285733747606284,True,False,True,False,False,unchecked,unchecked
LTM,WIPRO,optics-18,2.2147523485152387,1.064476360451367,2.7723362605924065,0.45827178263245477,0.041210374639769454,False,0.42859552829465114,18.052682261335455,632.8657080397318,25,1.0,2.0,701250.0,1085700.0,1.5482352941176472,0.45445718819077696,True,1300000.0,15.671647058823531,21.66,34.40117647058824,36.793259589875305,2.279552747202566,True,False,True,False,False,unchecked,unchecked
COLPAL,MARICO,optics-10,7.075749391263242,-0.3766624525272556,10.163612286091931,0.26138562960755174,0.024495677233429394,False,0.5312317974754979,13.053697674603718,538.5159157356902,35,2.0,1.0,1004795.0,995580.0,-0.9908289750645654,1.630548833355956,True,2300000.0,12.243598196647078,16.922046288048804,26.876191163371633,40.073826864991915,-2.259666619256317,True,False,False,False,False,unchecked,unchecked
BAJAJ-AUTO,TMPV,optics-11,17.50230228467303,-0.3324625591080841,11.134761934424423,0.7639602836244646,0.07406340057636888,False,0.5326112808116875,30.058741507419082,747.1871781840061,19,1.0,1.0,893250.0,511039.99999999994,-0.5721130702490903,0.7208345859573784,True,4100000.0,9.668495382031907,13.36296109711727,21.22352644836272,70.41121841857225,2.2417212232388626,True,False,False,False,False,unchecked,unchecked
OFSS,PERSISTENT,optics-18,12.307245034410336,-0.2941651945250523,11.594406290062333,0.9280411437381706,0.09106628242074928,False,0.5341517737130919,189.40698519509198,1647.4519126467003,15,1.0,1.0,1219000.0,734375.0,-0.6024405250205086,1.0479667079349264,True,1900000.0,9.855009228876128,13.620744462674322,21.632947087776863,152.3095217643786,2.2268704632010192,True,False,False,False,False,unchecked,unchecked
IOC,PETRONET,optics-16,3.0296466289317605,1.17499322358407,-1.5950757766928225,0.9535054063934846,0.09193083573487032,False,0.32043415343233317,27.759998788116448,698.5240732835972,14,1.0,2.0,668362.5,1109600.0,1.6601769249471656,0.4129246804361514,True,1200000.0,16.36008808842507,22.61150386205091,35.91238848678674,38.901565878337806,-2.2098148405055174,True,False,True,False,False,unchecked,unchecked
NMDC,SAIL,optics-12,5.987847261677914,0.47702475835374497,1.9936384834985457,0.0023936379250062067,0.00028818443804034583,False,0.34711911436621723,4.999261588070023,262.52671461019804,40,2.0,1.0,1171260.0,940000.0,0.8025545139422502,0.6824168974204556,True,3900000.0,11.08571026074484,15.321713368509128,24.33448593822038,21.57651616530487,-2.2063034264875556,True,True,True,False,False,unchecked,unchecked
LTM,TCS,optics-18,1.4588213118821618,1.0520187552321631,0.18973418161505332,0.23554968544955684,0.02219020172910663,False,0.33345526953561677,12.725036621397786,445.0946461142355,31,1.0,2.0,701250.0,1053900.0,1.5028877005347594,0.4285750069190515,True,1300000.0,15.392759358288771,21.274545454545454,33.78898395721925,26.345547807994265,2.199277190888677,True,False,True,False,False,unchecked,unchecked
CUMMINSIND,SIEMENS,optics-2,7.7694229619099,1.2540274182546374,-1.7217870439868888,0.35083712393666333,0.0314121037463977,False,0.45179063594279734,15.795006309881868,692.1538628317801,14,1.0,2.0,1038600.0,1431150.0,1.3779607163489314,0.09882822041226584,True,900000.0,14.624458405545928,20.212666088965914,32.10246967071057,43.121533634733574,-2.1918247572684515,True,False,True,True,False,unchecked,unchecked
ETERNAL,INDHOTEL,optics-7,0.9961954433834874,1.4760764998282367,-4.025164343782503,0.2346397442635601,0.021902017291066285,False,0.4360710096895504,12.352122318991634,618.0365781311729,25,1.0,2.0,795400.0,1412800.0,1.7762132260497863,0.20333412682640423,True,1200000.0,17.073711340206188,23.597812421423182,37.47887855167212,32.980526740099016,2.181877089756772,True,False,True,False,False,unchecked,unchecked
BANKBARODA,UNIONBANK,optics-14,5.524197474351647,0.28528708851975315,4.1523908290121865,0.8822232113629196,0.08616714697406341,False,0.5236256388995002,51.813373828466794,712.3331020496761,8,1.0,1.0,707557.5,823050.0,1.1632270168855534,3.0773910341372215,True,2500000.0,13.303846153846154,18.387429643527206,29.20356472795497,48.78398296135394,-2.1717994690472775,True,False,False,False,False,unchecked,unchecked
PERSISTENT,TATAELXSI,optics-18,9.79258440588912,0.42232494467045567,5.031987308063844,0.7381242855944625,0.07118155619596543,False,0.5163612292486552,30.559439226139144,823.9882036540289,15,1.0,1.0,734375.0,460625.0,0.6272340425531915,0.48519297869707506,True,1900000.0,10.007489361702127,13.831489361702127,21.967659574468087,75.0182968614198,2.164238354235495,True,False,False,False,False,unchecked,unchecked
HCLTECH,PERSISTENT,optics-18,1.607343221412745,1.0782275494475617,-2.02646784848459,0.6265845253265858,0.057348703170028825,False,0.38704628034685046,22.821970455181795,692.0295933302955,15,2.0,1.0,1052880.0,734375.0,0.6974916419724945,0.3531127614668539,True,1900000.0,10.439573598130842,14.428678956766204,22.916137166628676,60.39670545680399,-2.1452862514071254,True,False,True,False,False,unchecked,unchecked
KPITTECH,LTM,optics-18,10.871999184633824,1.499456522157734,-5.953697094247363,0.7976002913380706,0.07723342939481269,False,0.49605106778608193,37.14155444076082,1424.4479180374535,11,2.0,2.0,944570.0,1402500.0,1.4848026085943868,0.009772816581743952,True,100000.0,15.281536042855478,21.120822173052286,33.54483521602422,84.92800211205099,-2.1356507220900682,True,False,True,True,False,unchecked,unchecked
DABUR,MARICO,optics-10,9.16337688215499,-0.9674143368430933,12.593999320399533,0.26802603218709775,0.02507204610951009,False,0.5491533937416802,13.063711151356824,638.6264092567943,33,2.0,1.0,965000.0,995580.0,-1.0316891191709845,0.06643976616848095,True,800000.0,12.494888082901554,17.269357512953366,27.427803108808288,46.56781344997354,-2.132176086551377,True,False,False,True,False,unchecked,unchecked
DRREDDY,GLENMARK,optics-6,4.0016117520799925,0.09158174516071657,6.436686695487212,0.12848671385739457,0.01440922190201729,False,0.41996938217390534,11.133794629876324,385.9085461512719,25,1.0,1.0,736250.0,943125.0,1.2809847198641766,12.987336860814127,True,9300000.0,14.028056027164686,19.3883701188455,30.79329371816638,25.06445394788065,-2.1300634192051584,True,False,True,False,False,unchecked,unchecked
ETERNAL,JUBLFOOD,optics-7,2.4119894416161,0.6083621737538312,1.8465632066436388,0.8136162096824222,0.07867435158501442,False,0.47336864874083945,34.515261091455876,838.7718364749115,26,1.0,1.0,795400.0,613062.5,0.7707599949710837,0.2669426670879204,True,2800000.0,10.890173969072166,15.051459957254211,23.90525993210963,70.17466773898327,2.1155935572995594,True,False,True,False,False,unchecked,unchecked
COCHINSHIP,IRFC,optics-15,1.9055877060997177,0.5818231949725572,4.635709837637256,0.29570737128277647,0.026801152737752163,False,0.4661869223199808,13.580412044384472,587.616916886914,21,2.0,1.0,1228000.0,455157.50000000006,0.3706494299674268,0.3629517812796907,True,2200000.0,8.429493994299674,11.650520154723127,18.503767304560263,63.51321946662132,2.098593350139103,True,False,True,False,False,unchecked,unchecked
HINDALCO,TATASTEEL,optics-12,5.344262560138666,1.224244380472086,0.4067344878765726,0.7886805414369276,0.07636887608069164,False,0.441916937960053,29.341869452686534,657.4649114950292,11,1.0,2.0,726180.0000000001,1025750.0,1.4125285741827094,0.15379624911001707,True,1900000.0,14.837050731223664,20.50649288055303,32.569135751466575,40.373494495654455,2.081644335914155,True,False,True,False,False,unchecked,unchecked
LTM,PERSISTENT,optics-18,2.4654974743314644,1.3942464945120747,-3.4916257492265346,0.5304232285687105,0.04668587896253602,False,0.36141474781772553,18.83624155948543,768.2204324047633,19,1.0,2.0,701250.0,1468750.0,2.0944741532976825,0.5022265872941333,True,1900000.0,19.03101604278075,26.3030303030303,41.775401069518715,36.77860237063255,-2.060659962293431,True,False,True,False,False,unchecked,unchecked
BPCL,IOC,optics-16,0.6558772154599516,1.006113939642078,0.7481268958969042,0.6807550134396173,0.06426512968299712,False,0.45845269647826514,16.905442460082938,325.4613791128853,24,2.0,2.0,1261037.5,1336725.0,1.0600200231951864,0.05357850779036554,True,100000.0,12.669123142650397,17.510170197159084,27.810270313135018,23.405840752232262,2.0602163337423387,True,False,True,True,False,unchecked,unchecked
BANKBARODA,SBIN,optics-14,4.725976958177937,0.42318839378556705,2.6829662252281694,0.8369709341996561,0.08213256484149856,False,0.45976295418416785,39.81438385501736,668.362005512598,14,1.0,1.0,707557.5,785625.0,1.1103337891266787,1.6237340282287933,True,3200000.0,12.978552803129073,17.937837207576766,28.489506153210158,46.919873016983686,-2.0552081959790267,True,False,True,False,False,unchecked,unchecked
FEDERALBNK,INDUSTOWER,optics-14,27.482176380824114,1.0772940153756723,-0.862494514162159,0.9840470837242431,0.09769452449567723,False,0.4584850722998323,1361.987770243165,1510.3237046812635,7,1.0,2.0,860625.0,1292000.0,1.5012345679012347,0.39352353811946733,True,1500000.0,15.382592592592594,21.260493827160495,33.766666666666666,89.45648793768589,2.0164664698344663,True,False,True,False,False,unchecked,unchecked
